[
{
  "model": "auth.group",
  "pk": 1,
  "fields": {
    "name": "Asset Operators",
    "permissions": [
      28,
      32,
      40,
      57,
      60,
      41,
      44
    ]
  }
},
{
  "model": "auth.group",
  "pk": 2,
  "fields": {
    "name": "Movement Approvers",
    "permissions": [
      28,
      32,
      40,
      57,
      58,
      60,
      41,
      42,
      44,
      49,
      50,
      52
    ]
  }
},
{
  "model": "auth.group",
  "pk": 3,
  "fields": {
    "name": "Asset Administrators",
    "permissions": [
      25,
      26,
      27,
      28,
      29,
      30,
      31,
      32,
      37,
      38,
      39,
      40,
      57,
      58,
      59,
      60,
      41,
      42,
      43,
      44,
      49,
      50,
      51,
      52,
      45,
      46,
      47,
      48
    ]
  }
},
{
  "model": "auth.group",
  "pk": 4,
  "fields": {
    "name": "Viewers",
    "permissions": [
      28,
      32,
      40,
      60,
      44
    ]
  }
},
{
  "model": "accounts.user",
  "pk": 4,
  "fields": {
    "password": "pbkdf2_sha256$600000$CJHPkldATJYTuXGHRiT07C$MimNClRVh6lt6ljc6qVnn8UNLfd9wtK10qmcgV9GICU=",
    "last_login": "2025-11-26T03:19:26.120Z",
    "is_superuser": true,
    "username": "admin",
    "first_name": "",
    "last_name": "",
    "email": "admin@example.com",
    "is_staff": true,
    "is_active": true,
    "date_joined": "2025-11-25T09:33:44.938Z",
    "role": "admin",
    "phone": null,
    "department": null,
    "employee_id": null,
    "region": "HK",
    "groups": [
      3
    ],
    "user_permissions": []
  }
},
{
  "model": "accounts.user",
  "pk": 6,
  "fields": {
    "password": "pbkdf2_sha256$600000$yfTXQmBwSvbMRFdUj6YfiQ$egnbG9xoQgIq3AnuUbovTo+ZHrjwURK5Dt/ikzMX/TI=",
    "last_login": "2025-11-28T00:56:53.238Z",
    "is_superuser": true,
    "username": "admin@krystal-platform.com",
    "first_name": "Platform",
    "last_name": "Administrator",
    "email": "admin@krystal-platform.com",
    "is_staff": true,
    "is_active": true,
    "date_joined": "2025-11-26T03:17:10.600Z",
    "role": "admin",
    "phone": null,
    "department": "IT",
    "employee_id": "ADMIN001",
    "region": "HK",
    "groups": [],
    "user_permissions": []
  }
},
{
  "model": "accounts.user",
  "pk": 7,
  "fields": {
    "password": "pbkdf2_sha256$600000$tyd6YfxHMB0HKcEUBIsiay$9W2+9ofALMa9e6yrmmZUU6MiIxMa79+VtIK/V9FXEzU=",
    "last_login": null,
    "is_superuser": true,
    "username": "admin@krystal.com",
    "first_name": "Admin",
    "last_name": "User",
    "email": "admin@krystal.com",
    "is_staff": true,
    "is_active": true,
    "date_joined": "2025-11-26T03:17:10.601Z",
    "role": "admin",
    "phone": null,
    "department": "ADMIN",
    "employee_id": "EMP001",
    "region": "HK",
    "groups": [],
    "user_permissions": []
  }
},
{
  "model": "accounts.user",
  "pk": 8,
  "fields": {
    "password": "!cImctrPkCWNxDuBo2f7yZ0H2dxLgc7TosfxH4FOP",
    "last_login": null,
    "is_superuser": false,
    "username": "eugene.choy@krystal.institute",
    "first_name": "Eugene",
    "last_name": "Choy",
    "email": "eugene.choy@krystal.institute",
    "is_staff": false,
    "is_active": true,
    "date_joined": "2025-11-26T03:17:10.602Z",
    "role": "viewer",
    "phone": null,
    "department": "General",
    "employee_id": "EMP0002",
    "region": "HK",
    "groups": [
      4
    ],
    "user_permissions": []
  }
},
{
  "model": "accounts.user",
  "pk": 9,
  "fields": {
    "password": "!GhKPlwI0cblDdnx2BvGXugukF8NI8P1UcgdPUe5t",
    "last_login": null,
    "is_superuser": false,
    "username": "swing.w@krystal.institute",
    "first_name": "Swing",
    "last_name": "Wong",
    "email": "swing.w@krystal.institute",
    "is_staff": false,
    "is_active": true,
    "date_joined": "2025-11-26T03:17:10.602Z",
    "role": "viewer",
    "phone": null,
    "department": "General",
    "employee_id": "EMP0003",
    "region": "HK",
    "groups": [
      4
    ],
    "user_permissions": []
  }
},
{
  "model": "accounts.user",
  "pk": 10,
  "fields": {
    "password": "!aOxNXZS3NL53oqCMMbkdaMpPyAowdlUzLLxknh0v",
    "last_login": null,
    "is_superuser": false,
    "username": "adrian.chow@krystal.institute",
    "first_name": "Adrian",
    "last_name": "Chow",
    "email": "adrian.chow@krystal.institute",
    "is_staff": false,
    "is_active": true,
    "date_joined": "2025-11-26T03:17:10.603Z",
    "role": "operator",
    "phone": null,
    "department": "General",
    "employee_id": "EMP0004",
    "region": "HK",
    "groups": [
      1
    ],
    "user_permissions": []
  }
},
{
  "model": "accounts.user",
  "pk": 11,
  "fields": {
    "password": "!UUdXITTovFBww6949sp2ExFbltbolqy39hRyPE8X",
    "last_login": null,
    "is_superuser": false,
    "username": "cat.tan@krystal.institute",
    "first_name": "Cat",
    "last_name": "Tan",
    "email": "cat.tan@krystal.institute",
    "is_staff": false,
    "is_active": true,
    "date_joined": "2025-11-26T03:17:10.604Z",
    "role": "viewer",
    "phone": null,
    "department": "General",
    "employee_id": "EMP0005",
    "region": "HK",
    "groups": [
      4
    ],
    "user_permissions": []
  }
},
{
  "model": "accounts.user",
  "pk": 12,
  "fields": {
    "password": "!A0FK217Y0nTqeIoJ3w6MtkkjEpF0jMyEecpec4lD",
    "last_login": null,
    "is_superuser": false,
    "username": "catina.yiu@krystal.institute",
    "first_name": "Catina",
    "last_name": "Yiu",
    "email": "catina.yiu@krystal.institute",
    "is_staff": false,
    "is_active": true,
    "date_joined": "2025-11-26T03:17:10.604Z",
    "role": "approver",
    "phone": null,
    "department": "General",
    "employee_id": "EMP0006",
    "region": "HK",
    "groups": [
      2
    ],
    "user_permissions": []
  }
},
{
  "model": "accounts.user",
  "pk": 13,
  "fields": {
    "password": "!u0A4ADN0tRX1FedVl5ThuyYcusIhYI4a5at68DdB",
    "last_login": null,
    "is_superuser": false,
    "username": "cloudy.poon@krystal.institute",
    "first_name": "Cloudy",
    "last_name": "Poon",
    "email": "cloudy.poon@krystal.institute",
    "is_staff": false,
    "is_active": true,
    "date_joined": "2025-11-26T03:17:10.605Z",
    "role": "viewer",
    "phone": null,
    "department": "General",
    "employee_id": "EMP0007",
    "region": "HK",
    "groups": [
      4
    ],
    "user_permissions": []
  }
},
{
  "model": "accounts.user",
  "pk": 14,
  "fields": {
    "password": "!aCYU3sXEaGsWThfPbc2Ziam1n0r28Zmb4RHPLe7S",
    "last_login": null,
    "is_superuser": false,
    "username": "danny.ng@krystal.institute",
    "first_name": "Danny",
    "last_name": "Ng",
    "email": "danny.ng@krystal.institute",
    "is_staff": false,
    "is_active": true,
    "date_joined": "2025-11-26T03:17:10.606Z",
    "role": "viewer",
    "phone": null,
    "department": "General",
    "employee_id": "EMP0008",
    "region": "HK",
    "groups": [
      4
    ],
    "user_permissions": []
  }
},
{
  "model": "accounts.user",
  "pk": 15,
  "fields": {
    "password": "!Se8mrfPPVgPwdVUEzZC3gwPiB6hOXwBbfE1c7qPV",
    "last_login": null,
    "is_superuser": false,
    "username": "ivan.wong@krystal.institute",
    "first_name": "Ivan",
    "last_name": "Wong",
    "email": "ivan.wong@krystal.institute",
    "is_staff": false,
    "is_active": true,
    "date_joined": "2025-11-26T03:17:10.606Z",
    "role": "viewer",
    "phone": null,
    "department": "General",
    "employee_id": "EMP0009",
    "region": "HK",
    "groups": [
      4
    ],
    "user_permissions": []
  }
},
{
  "model": "accounts.user",
  "pk": 16,
  "fields": {
    "password": "!TJM2vFQW3h36K58HloDnhfbBjHnOcXc8lZJLOaFY",
    "last_login": null,
    "is_superuser": false,
    "username": "jacky.chan@krystal.institute",
    "first_name": "Jacky",
    "last_name": "Chan",
    "email": "jacky.chan@krystal.institute",
    "is_staff": false,
    "is_active": true,
    "date_joined": "2025-11-26T03:17:10.607Z",
    "role": "viewer",
    "phone": null,
    "department": "General",
    "employee_id": "EMP0010",
    "region": "HK",
    "groups": [
      4
    ],
    "user_permissions": []
  }
},
{
  "model": "accounts.user",
  "pk": 17,
  "fields": {
    "password": "!NARiTMsP0IvPATZ4G3tuKFgcru83Po9IPlUaPEbk",
    "last_login": null,
    "is_superuser": false,
    "username": "jeff.koo@krystal.institute",
    "first_name": "Jeff",
    "last_name": "Koo",
    "email": "jeff.koo@krystal.institute",
    "is_staff": false,
    "is_active": true,
    "date_joined": "2025-11-26T03:17:10.607Z",
    "role": "operator",
    "phone": null,
    "department": "General",
    "employee_id": "EMP0011",
    "region": "HK",
    "groups": [
      1
    ],
    "user_permissions": []
  }
},
{
  "model": "accounts.user",
  "pk": 18,
  "fields": {
    "password": "!lLLMa6P35yJEoKIrYZDrxpyO0f1CGw6ldEs44276",
    "last_login": null,
    "is_superuser": false,
    "username": "milne.man@krystal.institute",
    "first_name": "Milne",
    "last_name": "Man",
    "email": "milne.man@krystal.institute",
    "is_staff": false,
    "is_active": true,
    "date_joined": "2025-11-26T03:17:10.608Z",
    "role": "viewer",
    "phone": null,
    "department": "General",
    "employee_id": "EMP0012",
    "region": "HK",
    "groups": [
      4
    ],
    "user_permissions": []
  }
},
{
  "model": "accounts.user",
  "pk": 19,
  "fields": {
    "password": "!1Xv29yZe4srxqbD7ufQzEp1ofCsDfcDVSir07uOo",
    "last_login": null,
    "is_superuser": false,
    "username": "sidne.lui@krystal.institute",
    "first_name": "Sidne",
    "last_name": "Lui",
    "email": "sidne.lui@krystal.institute",
    "is_staff": false,
    "is_active": true,
    "date_joined": "2025-11-26T03:17:10.609Z",
    "role": "viewer",
    "phone": null,
    "department": "General",
    "employee_id": "EMP0013",
    "region": "HK",
    "groups": [
      4
    ],
    "user_permissions": []
  }
},
{
  "model": "accounts.user",
  "pk": 20,
  "fields": {
    "password": "!GvQEwNTR9XrwOw55faAMxGvdyZv96QExqQvvc9wK",
    "last_login": null,
    "is_superuser": false,
    "username": "ss.tam@krystal.institute",
    "first_name": "SS",
    "last_name": "Tam",
    "email": "ss.tam@krystal.institute",
    "is_staff": false,
    "is_active": true,
    "date_joined": "2025-11-26T03:17:10.609Z",
    "role": "viewer",
    "phone": null,
    "department": "General",
    "employee_id": "EMP0014",
    "region": "HK",
    "groups": [
      4
    ],
    "user_permissions": []
  }
},
{
  "model": "accounts.user",
  "pk": 21,
  "fields": {
    "password": "!v50WiiqrKvQAZmdZUOUYH8TCn645ruy2oMtWrMcl",
    "last_login": null,
    "is_superuser": false,
    "username": "tim.tan@krystal.institute",
    "first_name": "Tim",
    "last_name": "Tan",
    "email": "tim.tan@krystal.institute",
    "is_staff": false,
    "is_active": true,
    "date_joined": "2025-11-26T03:17:10.610Z",
    "role": "admin",
    "phone": null,
    "department": "General",
    "employee_id": "EMP0015",
    "region": "HK",
    "groups": [
      3
    ],
    "user_permissions": []
  }
},
{
  "model": "accounts.user",
  "pk": 22,
  "fields": {
    "password": "!31oQpWRbemEfpubbRcboIqXW4L7F19zEJNpAr5gm",
    "last_login": null,
    "is_superuser": false,
    "username": "tom.sin@krystal.institute",
    "first_name": "Tom",
    "last_name": "Sin",
    "email": "tom.sin@krystal.institute",
    "is_staff": false,
    "is_active": true,
    "date_joined": "2025-11-26T03:17:10.611Z",
    "role": "viewer",
    "phone": null,
    "department": "General",
    "employee_id": "EMP0016",
    "region": "HK",
    "groups": [
      4
    ],
    "user_permissions": []
  }
},
{
  "model": "accounts.user",
  "pk": 23,
  "fields": {
    "password": "!DqBkaAw7tM75lLtpNMpjabdQhAeKbNj35wNG7O2k",
    "last_login": null,
    "is_superuser": false,
    "username": "yw.yeung@krystal.institute",
    "first_name": "YW",
    "last_name": "Yeung",
    "email": "yw.yeung@krystal.institute",
    "is_staff": false,
    "is_active": true,
    "date_joined": "2025-11-26T03:17:10.611Z",
    "role": "viewer",
    "phone": null,
    "department": "General",
    "employee_id": "EMP0017",
    "region": "HK",
    "groups": [
      4
    ],
    "user_permissions": []
  }
},
{
  "model": "accounts.user",
  "pk": 24,
  "fields": {
    "password": "pbkdf2_sha256$600000$2Uf75tZsiVyDn6z6jBHVbE$v1hD8x+hy+oUIqqD1zBHfrYhOaTspV3ftwZIo/Gj91Y=",
    "last_login": null,
    "is_superuser": false,
    "username": "pm-admin@krystal.institute",
    "first_name": "Project",
    "last_name": "Admin",
    "email": "pm-admin@krystal.institute",
    "is_staff": false,
    "is_active": true,
    "date_joined": "2025-11-26T04:40:37.734Z",
    "role": "admin",
    "phone": null,
    "department": "ADMIN",
    "employee_id": "002",
    "region": "HK",
    "groups": [
      3
    ],
    "user_permissions": []
  }
},
{
  "model": "accounts.user",
  "pk": 25,
  "fields": {
    "password": "pbkdf2_sha256$600000$48RcKEwwhI66PBPgPPcU9q$Pjs8A3tMhArRMET4N3t1f/pK+UZRfYNKus7mrdTcbBw=",
    "last_login": null,
    "is_superuser": false,
    "username": "billy.chan@krystal.institute",
    "first_name": "Billy",
    "last_name": "Chan",
    "email": "billy.chan@krystal.institute",
    "is_staff": false,
    "is_active": true,
    "date_joined": "2025-11-26T04:40:37.878Z",
    "role": "operator",
    "phone": null,
    "department": "MANAGEMENT",
    "employee_id": "040",
    "region": "HK",
    "groups": [
      1
    ],
    "user_permissions": []
  }
},
{
  "model": "accounts.user",
  "pk": 26,
  "fields": {
    "password": "pbkdf2_sha256$600000$T2zj25svqvhmLSMtc5RG1b$sw7EItgIGACvWUB0G9T6WhVWql9xDKpd4+P1o4LakPw=",
    "last_login": null,
    "is_superuser": false,
    "username": "sabrina.chow@krystal.institute",
    "first_name": "Sabrina",
    "last_name": "Chow",
    "email": "sabrina.chow@krystal.institute",
    "is_staff": false,
    "is_active": true,
    "date_joined": "2025-11-26T04:40:38.016Z",
    "role": "viewer",
    "phone": null,
    "department": "SALES",
    "employee_id": "018",
    "region": "HK",
    "groups": [
      4
    ],
    "user_permissions": []
  }
},
{
  "model": "accounts.user",
  "pk": 27,
  "fields": {
    "password": "pbkdf2_sha256$600000$UOo7X2KVTALu0RJbRPYEVz$DKfGZvFLtCGgepUP86thu+hGbP6sJ3Yx99x3gpJ+zcM=",
    "last_login": null,
    "is_superuser": false,
    "username": "ange.du@cgge.media",
    "first_name": "Ange",
    "last_name": "Du",
    "email": "ange.du@cgge.media",
    "is_staff": false,
    "is_active": true,
    "date_joined": "2025-11-26T04:40:38.154Z",
    "role": "operator",
    "phone": null,
    "department": "IT",
    "employee_id": "023",
    "region": "CN",
    "groups": [
      1
    ],
    "user_permissions": []
  }
},
{
  "model": "accounts.user",
  "pk": 28,
  "fields": {
    "password": "pbkdf2_sha256$600000$qw3haVAbCrknCklhHgm0k7$qqkOP6F51ut/kAVI0/+9DwPKYUuXGI/NQzuKMIp1SXc=",
    "last_login": null,
    "is_superuser": false,
    "username": "xue.li@cgge.media",
    "first_name": "Xue",
    "last_name": "Li",
    "email": "xue.li@cgge.media",
    "is_staff": false,
    "is_active": true,
    "date_joined": "2025-11-26T04:40:38.289Z",
    "role": "viewer",
    "phone": null,
    "department": "SALES",
    "employee_id": "022",
    "region": "CN",
    "groups": [
      4
    ],
    "user_permissions": []
  }
},
{
  "model": "accounts.user",
  "pk": 29,
  "fields": {
    "password": "pbkdf2_sha256$600000$hR28czsR1xosW9OPLAmsOS$rcQyG7H+kZGZGLQ8k4pNoCeSo64+x7KV4ospS7rqeGw=",
    "last_login": null,
    "is_superuser": false,
    "username": "magneoh@krystal.institute",
    "first_name": "Maggie",
    "last_name": "Neoh",
    "email": "magneoh@krystal.institute",
    "is_staff": true,
    "is_active": true,
    "date_joined": "2025-11-26T04:40:38.425Z",
    "role": "admin",
    "phone": null,
    "department": "FINANCE",
    "employee_id": "001",
    "region": "HK",
    "groups": [
      3
    ],
    "user_permissions": []
  }
},
{
  "model": "accounts.user",
  "pk": 30,
  "fields": {
    "password": "pbkdf2_sha256$600000$dmORuioFleY2k3FqdNVHPC$P3Rqzgx8aLT9uwk5XZWgdPuBi8ux3FZ3ejoy34IEFJg=",
    "last_login": null,
    "is_superuser": false,
    "username": "qiaoyun.pan@cgge.meda",
    "first_name": "Qiaoyun",
    "last_name": "Pang",
    "email": "qiaoyun.pan@cgge.meda",
    "is_staff": false,
    "is_active": true,
    "date_joined": "2025-11-26T04:40:38.561Z",
    "role": "approver",
    "phone": null,
    "department": "SALES",
    "employee_id": "024",
    "region": "CN",
    "groups": [
      2
    ],
    "user_permissions": []
  }
},
{
  "model": "accounts.user",
  "pk": 31,
  "fields": {
    "password": "pbkdf2_sha256$600000$mMXKSFXmVLJ1wm4L8gpkeW$RG4VGNhAhoEnunPLSPvEkd4Zbgv3gQ8wrNtgCq55mUI=",
    "last_login": null,
    "is_superuser": false,
    "username": "zhanpeng.qi@cgge.media",
    "first_name": "Zhanpeng",
    "last_name": "Qi",
    "email": "zhanpeng.qi@cgge.media",
    "is_staff": false,
    "is_active": true,
    "date_joined": "2025-11-26T04:40:38.697Z",
    "role": "viewer",
    "phone": null,
    "department": "SALES",
    "employee_id": "021",
    "region": "CN",
    "groups": [
      4
    ],
    "user_permissions": []
  }
},
{
  "model": "accounts.user",
  "pk": 32,
  "fields": {
    "password": "pbkdf2_sha256$600000$SGQ2ZLs22npYK8IcP4mdZ6$oIMagvlyHZxWNLJaubdyyXLFeSeUBTmlxUThu6V7ZZ0=",
    "last_login": null,
    "is_superuser": false,
    "username": "yuxing.wen@cgge.media",
    "first_name": "Yuxing",
    "last_name": "Wen",
    "email": "yuxing.wen@cgge.media",
    "is_staff": false,
    "is_active": true,
    "date_joined": "2025-11-26T04:40:38.835Z",
    "role": "approver",
    "phone": null,
    "department": "SALES",
    "employee_id": "025",
    "region": "CN",
    "groups": [
      2
    ],
    "user_permissions": []
  }
},
{
  "model": "accounts.user",
  "pk": 33,
  "fields": {
    "password": "pbkdf2_sha256$600000$MG9GoAvwagW2IAHPhkmcVL$b/mBGoKnYSvkNOzZtsXE1FlSxQhP+/A8eMz9t1fImvI=",
    "last_login": null,
    "is_superuser": false,
    "username": "yiusing.wong@cgge.media",
    "first_name": "Yiusing",
    "last_name": "Wong",
    "email": "yiusing.wong@cgge.media",
    "is_staff": false,
    "is_active": true,
    "date_joined": "2025-11-26T04:40:38.972Z",
    "role": "viewer",
    "phone": null,
    "department": "IT",
    "employee_id": "019",
    "region": "HK",
    "groups": [
      4
    ],
    "user_permissions": []
  }
},
{
  "model": "accounts.user",
  "pk": 34,
  "fields": {
    "password": "pbkdf2_sha256$600000$emIKKsmgW7igGpB0OQjsIa$hnY0cHUpIYRR2J2KyOLnriTyrDCayVUyVosBRmtu1NI=",
    "last_login": null,
    "is_superuser": false,
    "username": "ke.xiao@cgge.media",
    "first_name": "Ke",
    "last_name": "Xiao",
    "email": "ke.xiao@cgge.media",
    "is_staff": false,
    "is_active": true,
    "date_joined": "2025-11-26T04:40:39.108Z",
    "role": "viewer",
    "phone": null,
    "department": "SALES",
    "employee_id": "020",
    "region": "CN",
    "groups": [
      4
    ],
    "user_permissions": []
  }
},
{
  "model": "accounts.user",
  "pk": 35,
  "fields": {
    "password": "pbkdf2_sha256$600000$POtRa1yzWdEd5Dx8WUP6uQ$ren+bOUtmFhxVehBDCU9ye9cKEvS4QOHqWGdpHawX0c=",
    "last_login": null,
    "is_superuser": false,
    "username": "yong.xiao@cgge.media",
    "first_name": "Yong",
    "last_name": "Xiao",
    "email": "yong.xiao@cgge.media",
    "is_staff": false,
    "is_active": true,
    "date_joined": "2025-11-26T04:40:39.244Z",
    "role": "approver",
    "phone": null,
    "department": "SALES",
    "employee_id": "026",
    "region": "CN",
    "groups": [
      2
    ],
    "user_permissions": []
  }
},
{
  "model": "accounts.user",
  "pk": 36,
  "fields": {
    "password": "pbkdf2_sha256$600000$4315gGqS0UfohyL1qWKlKd$irS80icruiNzwSVSbB2TOsNPzYdsz9UcUaC5gUHwDWY=",
    "last_login": null,
    "is_superuser": false,
    "username": "all_staff",
    "first_name": "",
    "last_name": "",
    "email": "",
    "is_staff": false,
    "is_active": true,
    "date_joined": "2025-11-27T07:44:50.379Z",
    "role": "viewer",
    "phone": null,
    "department": null,
    "employee_id": null,
    "region": "HK",
    "groups": [
      4
    ],
    "user_permissions": []
  }
},
{
  "model": "accounts.activitylog",
  "pk": 1,
  "fields": {
    "user": 6,
    "action_type": "login",
    "description": "User admin@krystal-platform.com logged in",
    "target_model": null,
    "target_id": null,
    "ip_address": "127.0.0.1",
    "user_agent": "Mozilla/5.0 (X11; Linux x86_64) AppleWebKit/537.36 (KHTML, like Gecko) Chrome/142.0.0.0 Safari/537.36",
    "created_at": "2025-11-28T00:56:53.254Z"
  }
},
{
  "model": "assets.assetcategory",
  "pk": 6,
  "fields": {
    "name": "Computing Notebook",
    "description": "Standalone PC Notebook",
    "is_active": true
  }
},
{
  "model": "assets.assetcategory",
  "pk": 7,
  "fields": {
    "name": "Computer Peripherals",
    "description": "Supporting equipment",
    "is_active": true
  }
},
{
  "model": "assets.assetcategory",
  "pk": 8,
  "fields": {
    "name": "Video Equipment",
    "description": "For live video streaming",
    "is_active": true
  }
},
{
  "model": "assets.assetcategory",
  "pk": 9,
  "fields": {
    "name": "Server Parts",
    "description": "Parts for AI server",
    "is_active": true
  }
},
{
  "model": "assets.assetcategory",
  "pk": 10,
  "fields": {
    "name": "Computing Desktop",
    "description": "Desktop computer",
    "is_active": true
  }
},
{
  "model": "assets.asset",
  "pk": 5,
  "fields": {
    "asset_id": "CGI/CON/018",
    "name": "Mechrevo Notebook",
    "description": "X10 Ti-S gaming notebook",
    "category": 6,
    "serial_number": "TBC",
    "model_number": "TBC",
    "manufacturer": "Mechrevo",
    "purchase_date": "2021-04-08",
    "purchase_value": "10640.00",
    "current_value": null,
    "status": "available",
    "condition": "good",
    "current_location": 3,
    "responsible_person": 30,
    "primary_user": null,
    "created_by": 6,
    "created_at": "2025-11-26T07:53:48.735Z",
    "updated_at": "2025-11-26T07:53:48.735Z",
    "barcode": null,
    "qr_code": null,
    "warranty_expiry": null,
    "notes": null
  }
},
{
  "model": "assets.asset",
  "pk": 8,
  "fields": {
    "asset_id": "KI/CE/013",
    "name": "Mechrevo Notebook",
    "description": "X10 Pro i7 3070 notebook",
    "category": 6,
    "serial_number": "TBC",
    "model_number": "TBC",
    "manufacturer": "Mechrevo",
    "purchase_date": "2021-10-26",
    "purchase_value": "15370.00",
    "current_value": null,
    "status": "available",
    "condition": "good",
    "current_location": 3,
    "responsible_person": 30,
    "primary_user": null,
    "created_by": 6,
    "created_at": "2025-11-26T08:11:11.679Z",
    "updated_at": "2025-11-26T08:11:11.679Z",
    "barcode": null,
    "qr_code": null,
    "warranty_expiry": null,
    "notes": ""
  }
},
{
  "model": "assets.asset",
  "pk": 9,
  "fields": {
    "asset_id": "KI/CE/015",
    "name": "Mechrevo Notebook",
    "description": "X10 Pro i7 3070 notebook",
    "category": 6,
    "serial_number": "TBC",
    "model_number": "TBC",
    "manufacturer": "Mechrevo",
    "purchase_date": "2021-10-26",
    "purchase_value": "15370.00",
    "current_value": null,
    "status": "available",
    "condition": "good",
    "current_location": 3,
    "responsible_person": 30,
    "primary_user": null,
    "created_by": 6,
    "created_at": "2025-11-26T08:13:33.691Z",
    "updated_at": "2025-11-26T08:13:33.691Z",
    "barcode": null,
    "qr_code": null,
    "warranty_expiry": null,
    "notes": ""
  }
},
{
  "model": "assets.asset",
  "pk": 10,
  "fields": {
    "asset_id": "KI/CE/018",
    "name": "Mechrevo Notebook",
    "description": "X10 Pro i7 3070 notebook",
    "category": 6,
    "serial_number": "TBC",
    "model_number": "TBC",
    "manufacturer": "Mechrevo",
    "purchase_date": "2021-10-26",
    "purchase_value": "15370.00",
    "current_value": null,
    "status": "available",
    "condition": "good",
    "current_location": 3,
    "responsible_person": 30,
    "primary_user": null,
    "created_by": 6,
    "created_at": "2025-11-26T08:15:00.258Z",
    "updated_at": "2025-11-26T08:15:00.258Z",
    "barcode": null,
    "qr_code": null,
    "warranty_expiry": null,
    "notes": ""
  }
},
{
  "model": "assets.asset",
  "pk": 11,
  "fields": {
    "asset_id": "KI/CE/022",
    "name": "Mechrevo Notebook",
    "description": "X10 Pro i7 3070 notebook",
    "category": 6,
    "serial_number": "TBC",
    "model_number": "TBC",
    "manufacturer": "Mechrevo",
    "purchase_date": "2021-10-26",
    "purchase_value": "15065.00",
    "current_value": null,
    "status": "available",
    "condition": "good",
    "current_location": 3,
    "responsible_person": 30,
    "primary_user": null,
    "created_by": 6,
    "created_at": "2025-11-26T08:16:23.940Z",
    "updated_at": "2025-11-26T08:16:23.940Z",
    "barcode": null,
    "qr_code": null,
    "warranty_expiry": null,
    "notes": ""
  }
},
{
  "model": "assets.asset",
  "pk": 12,
  "fields": {
    "asset_id": "KI/CE/025",
    "name": "Mechrevo Notebook",
    "description": "X10 Pro i7 3070 notebook",
    "category": 6,
    "serial_number": "TBC",
    "model_number": "TBC",
    "manufacturer": "Mechrevo",
    "purchase_date": "2021-10-26",
    "purchase_value": "15065.00",
    "current_value": null,
    "status": "available",
    "condition": "good",
    "current_location": 3,
    "responsible_person": 30,
    "primary_user": null,
    "created_by": 6,
    "created_at": "2025-11-26T08:17:45.578Z",
    "updated_at": "2025-11-26T08:17:45.578Z",
    "barcode": null,
    "qr_code": null,
    "warranty_expiry": null,
    "notes": ""
  }
},
{
  "model": "assets.asset",
  "pk": 13,
  "fields": {
    "asset_id": "KI/CE/067",
    "name": "Dell Mini PC",
    "description": "XPS15i710750H 32G",
    "category": 10,
    "serial_number": "PO000492A",
    "model_number": null,
    "manufacturer": null,
    "purchase_date": "2022-08-04",
    "purchase_value": "9000.00",
    "current_value": null,
    "status": "available",
    "condition": "good",
    "current_location": 3,
    "responsible_person": 30,
    "primary_user": null,
    "created_by": 6,
    "created_at": "2025-11-26T08:19:46.880Z",
    "updated_at": "2025-11-26T08:22:04.950Z",
    "barcode": null,
    "qr_code": null,
    "warranty_expiry": null,
    "notes": ""
  }
},
{
  "model": "assets.asset",
  "pk": 14,
  "fields": {
    "asset_id": "CG/OTH/002",
    "name": "Linksys FGW5500",
    "description": "Linksys CPE DataSim Router",
    "category": 7,
    "serial_number": "TBC",
    "model_number": "TBC",
    "manufacturer": "Linksys",
    "purchase_date": "2025-06-20",
    "purchase_value": null,
    "current_value": null,
    "status": "available",
    "condition": "good",
    "current_location": 3,
    "responsible_person": 30,
    "primary_user": null,
    "created_by": 6,
    "created_at": "2025-11-26T08:24:12.837Z",
    "updated_at": "2025-11-26T08:24:38.352Z",
    "barcode": null,
    "qr_code": null,
    "warranty_expiry": null,
    "notes": ""
  }
},
{
  "model": "assets.asset",
  "pk": 15,
  "fields": {
    "asset_id": "CG/OTH/003_1",
    "name": "Motherboard + 2 CPUs",
    "description": "Motherboard: 華南金牌 X99-F8D Plus x 1 unit\r\nIntel® Xeon® CPU E5-2673 v4 @2.30GHz  x 2 units",
    "category": 9,
    "serial_number": "TBC",
    "model_number": "TBC",
    "manufacturer": "TBC",
    "purchase_date": "2025-06-20",
    "purchase_value": null,
    "current_value": null,
    "status": "available",
    "condition": "good",
    "current_location": 3,
    "responsible_person": 30,
    "primary_user": null,
    "created_by": 6,
    "created_at": "2025-11-26T09:07:15.508Z",
    "updated_at": "2025-11-26T09:07:15.508Z",
    "barcode": null,
    "qr_code": null,
    "warranty_expiry": null,
    "notes": ""
  }
},
{
  "model": "assets.asset",
  "pk": 16,
  "fields": {
    "asset_id": "CG/OTH/003_2",
    "name": "RAM 32GB",
    "description": "RAM 32GB",
    "category": 9,
    "serial_number": "TBC",
    "model_number": "TBC",
    "manufacturer": "TBC",
    "purchase_date": "2025-06-20",
    "purchase_value": null,
    "current_value": null,
    "status": "available",
    "condition": "good",
    "current_location": 3,
    "responsible_person": 30,
    "primary_user": null,
    "created_by": 6,
    "created_at": "2025-11-26T09:08:18.673Z",
    "updated_at": "2025-11-26T09:08:18.673Z",
    "barcode": null,
    "qr_code": null,
    "warranty_expiry": null,
    "notes": ""
  }
},
{
  "model": "assets.asset",
  "pk": 17,
  "fields": {
    "asset_id": "CG/OTH/003_3",
    "name": "RAM 32GB",
    "description": "RAM 32GB",
    "category": 9,
    "serial_number": "TBC",
    "model_number": "TBC",
    "manufacturer": "TBC",
    "purchase_date": "2025-06-20",
    "purchase_value": null,
    "current_value": null,
    "status": "available",
    "condition": "good",
    "current_location": 3,
    "responsible_person": 30,
    "primary_user": null,
    "created_by": 6,
    "created_at": "2025-11-26T09:09:21.089Z",
    "updated_at": "2025-11-26T09:09:21.089Z",
    "barcode": null,
    "qr_code": null,
    "warranty_expiry": null,
    "notes": ""
  }
},
{
  "model": "assets.asset",
  "pk": 18,
  "fields": {
    "asset_id": "CG/OTH/003_4",
    "name": "RAM 32GB",
    "description": "RAM 32GB",
    "category": 9,
    "serial_number": "TBC",
    "model_number": "TBC",
    "manufacturer": "TBC",
    "purchase_date": "2025-06-20",
    "purchase_value": null,
    "current_value": null,
    "status": "available",
    "condition": "good",
    "current_location": 3,
    "responsible_person": 30,
    "primary_user": null,
    "created_by": 6,
    "created_at": "2025-11-26T09:10:19.092Z",
    "updated_at": "2025-11-26T09:10:19.092Z",
    "barcode": null,
    "qr_code": null,
    "warranty_expiry": null,
    "notes": ""
  }
},
{
  "model": "assets.asset",
  "pk": 19,
  "fields": {
    "asset_id": "CG/OTH/003_5",
    "name": "RAM 32GB",
    "description": "RAM 32GB",
    "category": 9,
    "serial_number": "TBC",
    "model_number": "TBC",
    "manufacturer": "TBC",
    "purchase_date": "2025-06-20",
    "purchase_value": null,
    "current_value": null,
    "status": "available",
    "condition": "good",
    "current_location": 3,
    "responsible_person": 30,
    "primary_user": null,
    "created_by": 6,
    "created_at": "2025-11-26T09:11:18.894Z",
    "updated_at": "2025-11-26T09:11:18.894Z",
    "barcode": null,
    "qr_code": null,
    "warranty_expiry": null,
    "notes": ""
  }
},
{
  "model": "assets.asset",
  "pk": 20,
  "fields": {
    "asset_id": "CG/OTH/003_6",
    "name": "SSD 2TB",
    "description": "SSD 2TB M.2",
    "category": 9,
    "serial_number": "TBC",
    "model_number": "TBC",
    "manufacturer": "TBC",
    "purchase_date": "2025-06-20",
    "purchase_value": null,
    "current_value": null,
    "status": "available",
    "condition": "good",
    "current_location": 3,
    "responsible_person": 30,
    "primary_user": null,
    "created_by": 6,
    "created_at": "2025-11-26T09:13:03.979Z",
    "updated_at": "2025-11-26T09:13:03.979Z",
    "barcode": null,
    "qr_code": null,
    "warranty_expiry": null,
    "notes": ""
  }
},
{
  "model": "assets.asset",
  "pk": 21,
  "fields": {
    "asset_id": "CG/OTH/003_7",
    "name": "SSD 2TB",
    "description": "SSD 2TB M2 Module",
    "category": 9,
    "serial_number": "TBC",
    "model_number": null,
    "manufacturer": "TBC",
    "purchase_date": "2025-06-20",
    "purchase_value": null,
    "current_value": null,
    "status": "available",
    "condition": "good",
    "current_location": 3,
    "responsible_person": 30,
    "primary_user": null,
    "created_by": 6,
    "created_at": "2025-11-26T09:14:11.361Z",
    "updated_at": "2025-11-26T09:14:11.361Z",
    "barcode": null,
    "qr_code": null,
    "warranty_expiry": null,
    "notes": ""
  }
},
{
  "model": "assets.asset",
  "pk": 22,
  "fields": {
    "asset_id": "CG/OTH/003_8",
    "name": "Nvidia GPU RTX 3090",
    "description": "NVIDIA RTX 3090 (16GB vRAM)",
    "category": 9,
    "serial_number": "TBC",
    "model_number": "TBC",
    "manufacturer": "TBC",
    "purchase_date": "2025-06-20",
    "purchase_value": null,
    "current_value": null,
    "status": "available",
    "condition": "good",
    "current_location": 3,
    "responsible_person": 30,
    "primary_user": null,
    "created_by": 6,
    "created_at": "2025-11-26T09:15:55.758Z",
    "updated_at": "2025-11-26T09:15:55.758Z",
    "barcode": null,
    "qr_code": null,
    "warranty_expiry": null,
    "notes": ""
  }
},
{
  "model": "assets.asset",
  "pk": 23,
  "fields": {
    "asset_id": "CG/OTH/003_9",
    "name": "Nvidia GPU RTX 4060 Ti",
    "description": "NVIDIA RTX 4060Ti (16GB vRAM)",
    "category": 9,
    "serial_number": "TBC",
    "model_number": "TBC",
    "manufacturer": "TBC",
    "purchase_date": "2025-06-20",
    "purchase_value": null,
    "current_value": null,
    "status": "available",
    "condition": "good",
    "current_location": 3,
    "responsible_person": 30,
    "primary_user": null,
    "created_by": 6,
    "created_at": "2025-11-26T09:17:28.769Z",
    "updated_at": "2025-11-26T09:17:28.769Z",
    "barcode": null,
    "qr_code": null,
    "warranty_expiry": null,
    "notes": ""
  }
},
{
  "model": "assets.asset",
  "pk": 24,
  "fields": {
    "asset_id": "CG/OTH/006",
    "name": "Desktop Power Supply",
    "description": "3600W Desktop PC  Power Supply",
    "category": 9,
    "serial_number": null,
    "model_number": "TBC",
    "manufacturer": "TBC",
    "purchase_date": "2025-06-20",
    "purchase_value": null,
    "current_value": null,
    "status": "available",
    "condition": "good",
    "current_location": 3,
    "responsible_person": 30,
    "primary_user": null,
    "created_by": 6,
    "created_at": "2025-11-26T09:19:28.802Z",
    "updated_at": "2025-11-26T09:19:28.802Z",
    "barcode": null,
    "qr_code": null,
    "warranty_expiry": null,
    "notes": ""
  }
},
{
  "model": "assets.asset",
  "pk": 25,
  "fields": {
    "asset_id": "CG/OE/008",
    "name": "JMGO 4K Projector",
    "description": "JMGO 4K projector 峰米",
    "category": 8,
    "serial_number": "TBC",
    "model_number": "TBC",
    "manufacturer": "TBC",
    "purchase_date": "2025-06-24",
    "purchase_value": null,
    "current_value": null,
    "status": "available",
    "condition": "good",
    "current_location": 3,
    "responsible_person": 30,
    "primary_user": null,
    "created_by": 6,
    "created_at": "2025-11-26T09:20:54.822Z",
    "updated_at": "2025-11-26T09:20:54.822Z",
    "barcode": null,
    "qr_code": null,
    "warranty_expiry": null,
    "notes": ""
  }
},
{
  "model": "assets.asset",
  "pk": 26,
  "fields": {
    "asset_id": "CG/OTH/009",
    "name": "FOMAKO 4K Camera",
    "description": "FOMAKO 4K Camera",
    "category": 8,
    "serial_number": "TBC",
    "model_number": null,
    "manufacturer": "TBC",
    "purchase_date": "2025-06-24",
    "purchase_value": null,
    "current_value": null,
    "status": "available",
    "condition": "good",
    "current_location": 3,
    "responsible_person": 30,
    "primary_user": null,
    "created_by": 6,
    "created_at": "2025-11-26T09:22:31.857Z",
    "updated_at": "2025-11-26T09:22:31.857Z",
    "barcode": null,
    "qr_code": null,
    "warranty_expiry": null,
    "notes": ""
  }
},
{
  "model": "assets.asset",
  "pk": 27,
  "fields": {
    "asset_id": "CG/OTH/010_1",
    "name": "Motherboard + 2 CPUs",
    "description": "Motherboard: 華南金牌 X99-F8D Plus x 1 unit\r\nIntel® Xeon® CPU E5-2673 v4 @2.30GHz * 2pcs. x 2 units",
    "category": 9,
    "serial_number": "TBC",
    "model_number": "TBC",
    "manufacturer": "TBC",
    "purchase_date": "2025-06-27",
    "purchase_value": null,
    "current_value": null,
    "status": "available",
    "condition": "good",
    "current_location": 5,
    "responsible_person": 30,
    "primary_user": null,
    "created_by": 6,
    "created_at": "2025-11-26T09:24:53.660Z",
    "updated_at": "2025-11-27T07:02:20.355Z",
    "barcode": null,
    "qr_code": null,
    "warranty_expiry": null,
    "notes": ""
  }
},
{
  "model": "assets.asset",
  "pk": 28,
  "fields": {
    "asset_id": "CG/OTH/010_2",
    "name": "RAM 32GB",
    "description": "RAM 32GB",
    "category": 9,
    "serial_number": "TBC",
    "model_number": "TBC",
    "manufacturer": "TBC",
    "purchase_date": "2025-06-27",
    "purchase_value": null,
    "current_value": null,
    "status": "available",
    "condition": "good",
    "current_location": 5,
    "responsible_person": 30,
    "primary_user": null,
    "created_by": 6,
    "created_at": "2025-11-26T09:29:59.716Z",
    "updated_at": "2025-11-27T07:02:20.427Z",
    "barcode": null,
    "qr_code": null,
    "warranty_expiry": null,
    "notes": ""
  }
},
{
  "model": "assets.asset",
  "pk": 29,
  "fields": {
    "asset_id": "CG/OTH/010_3",
    "name": "RAM 32GB",
    "description": "RAM 32GB",
    "category": 9,
    "serial_number": "TBC",
    "model_number": "TBC",
    "manufacturer": "TBC",
    "purchase_date": "2025-06-27",
    "purchase_value": null,
    "current_value": null,
    "status": "available",
    "condition": "good",
    "current_location": 5,
    "responsible_person": 30,
    "primary_user": null,
    "created_by": 6,
    "created_at": "2025-11-26T09:31:14.516Z",
    "updated_at": "2025-11-27T07:02:20.438Z",
    "barcode": null,
    "qr_code": null,
    "warranty_expiry": null,
    "notes": ""
  }
},
{
  "model": "assets.asset",
  "pk": 30,
  "fields": {
    "asset_id": "CG/OTH/010_4",
    "name": "RAM 32GB",
    "description": "RAM 32GB",
    "category": 9,
    "serial_number": "TBC",
    "model_number": "TBC",
    "manufacturer": "TBC",
    "purchase_date": "2025-06-23",
    "purchase_value": null,
    "current_value": null,
    "status": "available",
    "condition": "good",
    "current_location": 5,
    "responsible_person": 30,
    "primary_user": null,
    "created_by": 6,
    "created_at": "2025-11-26T09:32:16.203Z",
    "updated_at": "2025-11-27T07:02:20.450Z",
    "barcode": null,
    "qr_code": null,
    "warranty_expiry": null,
    "notes": ""
  }
},
{
  "model": "assets.asset",
  "pk": 31,
  "fields": {
    "asset_id": "CG/OTH/010_5",
    "name": "RAM 32GB",
    "description": "RAM 32GB",
    "category": 9,
    "serial_number": "TBC",
    "model_number": "TBC",
    "manufacturer": "TBC",
    "purchase_date": "2025-06-27",
    "purchase_value": null,
    "current_value": null,
    "status": "available",
    "condition": "good",
    "current_location": 5,
    "responsible_person": 30,
    "primary_user": null,
    "created_by": 6,
    "created_at": "2025-11-26T09:33:05.604Z",
    "updated_at": "2025-11-27T07:02:20.462Z",
    "barcode": null,
    "qr_code": null,
    "warranty_expiry": null,
    "notes": ""
  }
},
{
  "model": "assets.asset",
  "pk": 32,
  "fields": {
    "asset_id": "CG/OTH/010_6",
    "name": "SSD 2TB",
    "description": "2TB M.2 Module",
    "category": 9,
    "serial_number": "TBC",
    "model_number": "TBC",
    "manufacturer": "TBC",
    "purchase_date": "2025-06-27",
    "purchase_value": null,
    "current_value": null,
    "status": "available",
    "condition": "good",
    "current_location": 5,
    "responsible_person": 30,
    "primary_user": null,
    "created_by": 6,
    "created_at": "2025-11-26T09:34:25.521Z",
    "updated_at": "2025-11-27T07:02:20.474Z",
    "barcode": null,
    "qr_code": null,
    "warranty_expiry": null,
    "notes": ""
  }
},
{
  "model": "assets.asset",
  "pk": 33,
  "fields": {
    "asset_id": "CG/OTH/010_7",
    "name": "SSD 2TB",
    "description": "SSD: 2TB M.2 Module",
    "category": 9,
    "serial_number": "TBC",
    "model_number": "TBC",
    "manufacturer": "TBC",
    "purchase_date": "2025-06-27",
    "purchase_value": null,
    "current_value": null,
    "status": "available",
    "condition": "good",
    "current_location": 5,
    "responsible_person": 30,
    "primary_user": null,
    "created_by": 6,
    "created_at": "2025-11-26T09:36:25.686Z",
    "updated_at": "2025-11-27T07:02:20.486Z",
    "barcode": null,
    "qr_code": null,
    "warranty_expiry": null,
    "notes": ""
  }
},
{
  "model": "assets.asset",
  "pk": 34,
  "fields": {
    "asset_id": "CG/OTH/010_8",
    "name": "NVIDIA GPU RTX 4060Ti",
    "description": "NVIDIA RTX 4060Ti (16GB vRAM)",
    "category": 9,
    "serial_number": "TBC",
    "model_number": "TBC",
    "manufacturer": "TBC",
    "purchase_date": "2025-06-27",
    "purchase_value": null,
    "current_value": null,
    "status": "available",
    "condition": "good",
    "current_location": 5,
    "responsible_person": 30,
    "primary_user": null,
    "created_by": 6,
    "created_at": "2025-11-26T09:38:19.521Z",
    "updated_at": "2025-11-27T07:02:20.498Z",
    "barcode": null,
    "qr_code": null,
    "warranty_expiry": null,
    "notes": ""
  }
},
{
  "model": "assets.asset",
  "pk": 35,
  "fields": {
    "asset_id": "CG/OTH/010_9",
    "name": "NVIDIA GPU RTX 4060Ti",
    "description": "NVIDIA RTX 4060Ti (16GB vRAM)",
    "category": 9,
    "serial_number": "TBC",
    "model_number": "TBC",
    "manufacturer": "TBC",
    "purchase_date": "2025-06-27",
    "purchase_value": null,
    "current_value": null,
    "status": "available",
    "condition": "good",
    "current_location": 5,
    "responsible_person": 30,
    "primary_user": null,
    "created_by": 6,
    "created_at": "2025-11-26T09:39:30.342Z",
    "updated_at": "2025-11-27T07:02:20.509Z",
    "barcode": null,
    "qr_code": null,
    "warranty_expiry": null,
    "notes": ""
  }
},
{
  "model": "assets.asset",
  "pk": 36,
  "fields": {
    "asset_id": "CG/OTH/010_10",
    "name": "NVIDIA GPU RTX 4060Ti",
    "description": "NVIDIA RTX 4060Ti (16GB vRAM)",
    "category": 9,
    "serial_number": "TBC",
    "model_number": "TBC",
    "manufacturer": "TBC",
    "purchase_date": "2025-06-27",
    "purchase_value": null,
    "current_value": null,
    "status": "available",
    "condition": "good",
    "current_location": 5,
    "responsible_person": 30,
    "primary_user": null,
    "created_by": 6,
    "created_at": "2025-11-26T09:40:28.896Z",
    "updated_at": "2025-11-27T07:02:20.379Z",
    "barcode": null,
    "qr_code": null,
    "warranty_expiry": null,
    "notes": ""
  }
},
{
  "model": "assets.asset",
  "pk": 37,
  "fields": {
    "asset_id": "CG/OTH/010_11",
    "name": "NVIDIA GPU RTX 4070Ti",
    "description": "NVIDIA  RTX 4070Ti (16GB vRAM)",
    "category": 9,
    "serial_number": "TBC",
    "model_number": "TBC",
    "manufacturer": "TBC",
    "purchase_date": "2025-06-27",
    "purchase_value": null,
    "current_value": null,
    "status": "available",
    "condition": "good",
    "current_location": 5,
    "responsible_person": 30,
    "primary_user": null,
    "created_by": 6,
    "created_at": "2025-11-26T09:42:37.030Z",
    "updated_at": "2025-11-27T07:02:20.391Z",
    "barcode": null,
    "qr_code": null,
    "warranty_expiry": null,
    "notes": ""
  }
},
{
  "model": "assets.asset",
  "pk": 38,
  "fields": {
    "asset_id": "CG/OTH/010_12",
    "name": "NVIDIA GPU RTX 4070Ti",
    "description": "NVIDIA  RTX 4070Ti (16GB vRAM)",
    "category": 9,
    "serial_number": "TBC",
    "model_number": null,
    "manufacturer": "TBC",
    "purchase_date": "2025-06-27",
    "purchase_value": null,
    "current_value": null,
    "status": "available",
    "condition": "good",
    "current_location": 5,
    "responsible_person": 30,
    "primary_user": null,
    "created_by": 6,
    "created_at": "2025-11-26T09:43:36.898Z",
    "updated_at": "2025-11-27T07:02:20.403Z",
    "barcode": null,
    "qr_code": null,
    "warranty_expiry": null,
    "notes": ""
  }
},
{
  "model": "assets.asset",
  "pk": 39,
  "fields": {
    "asset_id": "CG/OTH/010_13",
    "name": "NVIDIA GPU RTX 4070Ti",
    "description": "NVIDIA  RTX 4070Ti (16GB vRAM)",
    "category": 9,
    "serial_number": "TBC",
    "model_number": "TBC",
    "manufacturer": "TBC",
    "purchase_date": "2025-06-27",
    "purchase_value": null,
    "current_value": null,
    "status": "available",
    "condition": "good",
    "current_location": 5,
    "responsible_person": 30,
    "primary_user": null,
    "created_by": 6,
    "created_at": "2025-11-26T09:45:24.181Z",
    "updated_at": "2025-11-27T07:02:20.415Z",
    "barcode": null,
    "qr_code": null,
    "warranty_expiry": null,
    "notes": ""
  }
},
{
  "model": "assets.asset",
  "pk": 40,
  "fields": {
    "asset_id": "KT/CE/007",
    "name": "ORICO NAS",
    "description": "with 18TB HDD MG09ACA18TE  x 1 unit",
    "category": 7,
    "serial_number": "TBC",
    "model_number": "TBC",
    "manufacturer": "TBC",
    "purchase_date": "2025-06-27",
    "purchase_value": null,
    "current_value": null,
    "status": "available",
    "condition": "good",
    "current_location": 3,
    "responsible_person": 30,
    "primary_user": null,
    "created_by": 6,
    "created_at": "2025-11-26T09:47:27.183Z",
    "updated_at": "2025-11-26T09:47:27.183Z",
    "barcode": null,
    "qr_code": null,
    "warranty_expiry": null,
    "notes": ""
  }
},
{
  "model": "assets.asset",
  "pk": 41,
  "fields": {
    "asset_id": "KI/CE/055",
    "name": "Storage WD My Book",
    "description": "Storage WD My Book",
    "category": 7,
    "serial_number": "TBC",
    "model_number": "TBC",
    "manufacturer": "TBC",
    "purchase_date": "2025-06-27",
    "purchase_value": null,
    "current_value": null,
    "status": "available",
    "condition": "good",
    "current_location": 3,
    "responsible_person": 30,
    "primary_user": null,
    "created_by": 6,
    "created_at": "2025-11-26T09:48:44.021Z",
    "updated_at": "2025-11-26T09:48:44.021Z",
    "barcode": null,
    "qr_code": null,
    "warranty_expiry": null,
    "notes": ""
  }
},
{
  "model": "assets.asset",
  "pk": 42,
  "fields": {
    "asset_id": "KI/CE/060",
    "name": "Dell Mini PC",
    "description": "Dell Optiplex 7060 Micro File Sharing Server",
    "category": 10,
    "serial_number": "TBC",
    "model_number": "TBC",
    "manufacturer": "TBC",
    "purchase_date": "2025-07-31",
    "purchase_value": null,
    "current_value": null,
    "status": "available",
    "condition": "good",
    "current_location": 3,
    "responsible_person": 30,
    "primary_user": null,
    "created_by": 6,
    "created_at": "2025-11-26T09:50:27.774Z",
    "updated_at": "2025-11-26T09:50:27.774Z",
    "barcode": null,
    "qr_code": null,
    "warranty_expiry": null,
    "notes": ""
  }
},
{
  "model": "assets.asset",
  "pk": 43,
  "fields": {
    "asset_id": "KI/CE/034_01",
    "name": "Lecoo Monitor",
    "description": "Monitor",
    "category": 7,
    "serial_number": "TBC",
    "model_number": "TBC",
    "manufacturer": "TBC",
    "purchase_date": "2025-07-31",
    "purchase_value": null,
    "current_value": null,
    "status": "available",
    "condition": "good",
    "current_location": 3,
    "responsible_person": 30,
    "primary_user": null,
    "created_by": 6,
    "created_at": "2025-11-26T09:51:40.755Z",
    "updated_at": "2025-11-26T09:51:40.755Z",
    "barcode": null,
    "qr_code": null,
    "warranty_expiry": null,
    "notes": ""
  }
},
{
  "model": "assets.asset",
  "pk": 44,
  "fields": {
    "asset_id": "KI/CE/034_02",
    "name": "Monitor",
    "description": "Monitor",
    "category": 7,
    "serial_number": "TBC",
    "model_number": "TBC",
    "manufacturer": "TBC",
    "purchase_date": "2025-07-31",
    "purchase_value": null,
    "current_value": null,
    "status": "available",
    "condition": "good",
    "current_location": 3,
    "responsible_person": 30,
    "primary_user": null,
    "created_by": 6,
    "created_at": "2025-11-26T09:52:55.846Z",
    "updated_at": "2025-11-26T09:52:55.846Z",
    "barcode": null,
    "qr_code": null,
    "warranty_expiry": null,
    "notes": ""
  }
},
{
  "model": "assets.asset",
  "pk": 45,
  "fields": {
    "asset_id": "KI/CE/034_03",
    "name": "Monitor",
    "description": "Monitor",
    "category": 7,
    "serial_number": "TBC",
    "model_number": "TBC",
    "manufacturer": "TBC",
    "purchase_date": "2025-07-31",
    "purchase_value": null,
    "current_value": null,
    "status": "available",
    "condition": "good",
    "current_location": 3,
    "responsible_person": 30,
    "primary_user": null,
    "created_by": 6,
    "created_at": "2025-11-26T09:53:57.527Z",
    "updated_at": "2025-11-26T09:53:57.527Z",
    "barcode": null,
    "qr_code": null,
    "warranty_expiry": null,
    "notes": ""
  }
},
{
  "model": "assets.asset",
  "pk": 46,
  "fields": {
    "asset_id": "KI/CE/034_04",
    "name": "Monitor",
    "description": "Monitor",
    "category": 7,
    "serial_number": "TBC",
    "model_number": "TBC",
    "manufacturer": "TBC",
    "purchase_date": "2025-07-31",
    "purchase_value": null,
    "current_value": null,
    "status": "available",
    "condition": "good",
    "current_location": 3,
    "responsible_person": 30,
    "primary_user": null,
    "created_by": 6,
    "created_at": "2025-11-26T09:55:06.345Z",
    "updated_at": "2025-11-26T09:55:06.345Z",
    "barcode": null,
    "qr_code": null,
    "warranty_expiry": null,
    "notes": ""
  }
},
{
  "model": "assets.asset",
  "pk": 47,
  "fields": {
    "asset_id": "KI/CE/034_05",
    "name": "Monitor",
    "description": "Monitor",
    "category": 7,
    "serial_number": "TBC",
    "model_number": "TBC",
    "manufacturer": "TBC",
    "purchase_date": "2025-07-31",
    "purchase_value": null,
    "current_value": null,
    "status": "available",
    "condition": "good",
    "current_location": 3,
    "responsible_person": 30,
    "primary_user": null,
    "created_by": 6,
    "created_at": "2025-11-26T09:56:09.400Z",
    "updated_at": "2025-11-26T09:56:09.400Z",
    "barcode": null,
    "qr_code": null,
    "warranty_expiry": null,
    "notes": ""
  }
},
{
  "model": "assets.asset",
  "pk": 48,
  "fields": {
    "asset_id": "KI/CE/034_06",
    "name": "Monitor",
    "description": "Monitor",
    "category": 7,
    "serial_number": null,
    "model_number": null,
    "manufacturer": null,
    "purchase_date": "2025-07-31",
    "purchase_value": null,
    "current_value": null,
    "status": "available",
    "condition": "good",
    "current_location": 3,
    "responsible_person": 30,
    "primary_user": null,
    "created_by": 6,
    "created_at": "2025-11-26T09:57:04.615Z",
    "updated_at": "2025-11-26T09:57:04.615Z",
    "barcode": null,
    "qr_code": null,
    "warranty_expiry": null,
    "notes": ""
  }
},
{
  "model": "assets.asset",
  "pk": 49,
  "fields": {
    "asset_id": "CG/OTH/012_01",
    "name": "Motherboard + 2 CPUs",
    "description": "Motherboard: 華南金牌 X99-F8D Plus x 1 unit\r\nIntel® Xeon® CPU E5-2673 v4 @2.30GHz x 2 units",
    "category": 9,
    "serial_number": "TBC",
    "model_number": "TBC",
    "manufacturer": "TBC",
    "purchase_date": "2025-04-11",
    "purchase_value": null,
    "current_value": null,
    "status": "available",
    "condition": "good",
    "current_location": 3,
    "responsible_person": 30,
    "primary_user": 27,
    "created_by": 6,
    "created_at": "2025-11-26T09:59:17.818Z",
    "updated_at": "2025-11-27T08:13:12.271Z",
    "barcode": null,
    "qr_code": null,
    "warranty_expiry": null,
    "notes": ""
  }
},
{
  "model": "assets.asset",
  "pk": 50,
  "fields": {
    "asset_id": "CG/OTH/012_02",
    "name": "RAM 32GB",
    "description": "RAM 32GB",
    "category": 9,
    "serial_number": "TBC",
    "model_number": "TBC",
    "manufacturer": "TBC",
    "purchase_date": "2025-04-11",
    "purchase_value": null,
    "current_value": null,
    "status": "available",
    "condition": "good",
    "current_location": 3,
    "responsible_person": 30,
    "primary_user": 27,
    "created_by": 6,
    "created_at": "2025-11-27T01:09:12.845Z",
    "updated_at": "2025-11-27T08:16:10.358Z",
    "barcode": null,
    "qr_code": null,
    "warranty_expiry": null,
    "notes": ""
  }
},
{
  "model": "assets.asset",
  "pk": 51,
  "fields": {
    "asset_id": "CG/OTH/012_03",
    "name": "RAM 32GB",
    "description": "RAM 32GB",
    "category": 9,
    "serial_number": "TBC",
    "model_number": "TBC",
    "manufacturer": "TBC",
    "purchase_date": "2025-04-11",
    "purchase_value": null,
    "current_value": null,
    "status": "available",
    "condition": "good",
    "current_location": 3,
    "responsible_person": 30,
    "primary_user": 27,
    "created_by": 6,
    "created_at": "2025-11-27T01:11:07.343Z",
    "updated_at": "2025-11-27T08:16:36.809Z",
    "barcode": null,
    "qr_code": null,
    "warranty_expiry": null,
    "notes": ""
  }
},
{
  "model": "assets.asset",
  "pk": 53,
  "fields": {
    "asset_id": "CG/OTH/012_04",
    "name": "RAM 32GB",
    "description": "RAM 32GB",
    "category": 9,
    "serial_number": "TBC",
    "model_number": "TBC",
    "manufacturer": "TBC",
    "purchase_date": "2025-11-04",
    "purchase_value": null,
    "current_value": null,
    "status": "available",
    "condition": "good",
    "current_location": 3,
    "responsible_person": 30,
    "primary_user": 27,
    "created_by": 6,
    "created_at": "2025-11-27T01:18:23.256Z",
    "updated_at": "2025-11-27T08:17:05.508Z",
    "barcode": null,
    "qr_code": null,
    "warranty_expiry": null,
    "notes": ""
  }
},
{
  "model": "assets.asset",
  "pk": 54,
  "fields": {
    "asset_id": "CG/OTH/012_05",
    "name": "RAM 32GB",
    "description": "RAM 32GB",
    "category": 9,
    "serial_number": "TBC",
    "model_number": "TBC",
    "manufacturer": "TBC",
    "purchase_date": "2025-04-11",
    "purchase_value": null,
    "current_value": null,
    "status": "available",
    "condition": "good",
    "current_location": 3,
    "responsible_person": 30,
    "primary_user": 27,
    "created_by": 6,
    "created_at": "2025-11-27T01:19:29.205Z",
    "updated_at": "2025-11-27T08:17:22.125Z",
    "barcode": null,
    "qr_code": null,
    "warranty_expiry": null,
    "notes": ""
  }
},
{
  "model": "assets.asset",
  "pk": 55,
  "fields": {
    "asset_id": "CG/OTH/012_06",
    "name": "SSD 2TB",
    "description": "SSD: 2TB M.2 Module",
    "category": 9,
    "serial_number": "TBC",
    "model_number": "TBC",
    "manufacturer": null,
    "purchase_date": "2025-04-11",
    "purchase_value": null,
    "current_value": null,
    "status": "available",
    "condition": "good",
    "current_location": 3,
    "responsible_person": 30,
    "primary_user": 27,
    "created_by": 6,
    "created_at": "2025-11-27T01:20:58.076Z",
    "updated_at": "2025-11-27T08:17:50.261Z",
    "barcode": null,
    "qr_code": null,
    "warranty_expiry": null,
    "notes": ""
  }
},
{
  "model": "assets.asset",
  "pk": 56,
  "fields": {
    "asset_id": "CG/OTH/012_07",
    "name": "SSD 2TB",
    "description": "SSD: 2TB M.2 Module",
    "category": 9,
    "serial_number": "TBC",
    "model_number": "TBC",
    "manufacturer": "TBC",
    "purchase_date": "2025-04-11",
    "purchase_value": null,
    "current_value": null,
    "status": "available",
    "condition": "good",
    "current_location": 3,
    "responsible_person": 30,
    "primary_user": 27,
    "created_by": 6,
    "created_at": "2025-11-27T01:21:59.807Z",
    "updated_at": "2025-11-27T08:18:04.709Z",
    "barcode": null,
    "qr_code": null,
    "warranty_expiry": null,
    "notes": ""
  }
},
{
  "model": "assets.asset",
  "pk": 57,
  "fields": {
    "asset_id": "CG/OTH/012_08",
    "name": "Nvidia GPU RTX 3090",
    "description": "Nvidia GPU RTX 3090",
    "category": 9,
    "serial_number": "TBC",
    "model_number": "TBC",
    "manufacturer": "TBC",
    "purchase_date": "2025-04-11",
    "purchase_value": null,
    "current_value": null,
    "status": "available",
    "condition": "good",
    "current_location": 3,
    "responsible_person": 30,
    "primary_user": 27,
    "created_by": 6,
    "created_at": "2025-11-27T01:23:52.998Z",
    "updated_at": "2025-11-27T08:19:42.395Z",
    "barcode": null,
    "qr_code": null,
    "warranty_expiry": null,
    "notes": ""
  }
},
{
  "model": "assets.asset",
  "pk": 58,
  "fields": {
    "asset_id": "CG/OTH/012_09",
    "name": "NVIDIA GPU RTX 4060",
    "description": "NVIDIA GPU RTX 4060",
    "category": 9,
    "serial_number": "TBC",
    "model_number": "TBC",
    "manufacturer": "TBC",
    "purchase_date": "2025-04-11",
    "purchase_value": null,
    "current_value": null,
    "status": "available",
    "condition": "good",
    "current_location": 3,
    "responsible_person": 30,
    "primary_user": 27,
    "created_by": 6,
    "created_at": "2025-11-27T03:30:15.946Z",
    "updated_at": "2025-11-27T08:19:57.260Z",
    "barcode": null,
    "qr_code": null,
    "warranty_expiry": null,
    "notes": ""
  }
},
{
  "model": "assets.asset",
  "pk": 59,
  "fields": {
    "asset_id": "CG/OTH/012_10",
    "name": "NVIDIA GPU Tesla P40 24GB vRAM",
    "description": "NVIDIA GPU Tesla P40 24GB vRAM",
    "category": 9,
    "serial_number": "TBC",
    "model_number": "TBC",
    "manufacturer": "TBC",
    "purchase_date": "2025-04-11",
    "purchase_value": null,
    "current_value": null,
    "status": "available",
    "condition": "good",
    "current_location": 3,
    "responsible_person": 30,
    "primary_user": 27,
    "created_by": 6,
    "created_at": "2025-11-27T03:32:16.131Z",
    "updated_at": "2025-11-27T08:18:30.593Z",
    "barcode": null,
    "qr_code": null,
    "warranty_expiry": null,
    "notes": ""
  }
},
{
  "model": "assets.asset",
  "pk": 60,
  "fields": {
    "asset_id": "CG/OTH/012_11",
    "name": "NVIDIA GPU Tesla P40 24GB vRAM",
    "description": "NVIDIA GPU Tesla P40 24GB vRAM",
    "category": 9,
    "serial_number": "TBC",
    "model_number": "TBC",
    "manufacturer": "TBC",
    "purchase_date": "2025-04-11",
    "purchase_value": null,
    "current_value": null,
    "status": "available",
    "condition": "good",
    "current_location": 3,
    "responsible_person": 30,
    "primary_user": 27,
    "created_by": 6,
    "created_at": "2025-11-27T03:33:35.567Z",
    "updated_at": "2025-11-27T08:18:44.859Z",
    "barcode": null,
    "qr_code": null,
    "warranty_expiry": null,
    "notes": ""
  }
},
{
  "model": "assets.asset",
  "pk": 61,
  "fields": {
    "asset_id": "CQ/OTH/012_12",
    "name": "NVIDIA GPU Tesla P40 24GB vRAM",
    "description": "NVIDIA GPU Tesla P40 24GB vRAM",
    "category": 9,
    "serial_number": "TBC",
    "model_number": "TBC",
    "manufacturer": "TBC",
    "purchase_date": "2025-04-11",
    "purchase_value": null,
    "current_value": null,
    "status": "available",
    "condition": "good",
    "current_location": 3,
    "responsible_person": 30,
    "primary_user": null,
    "created_by": 6,
    "created_at": "2025-11-27T03:36:49.655Z",
    "updated_at": "2025-11-27T03:36:49.655Z",
    "barcode": null,
    "qr_code": null,
    "warranty_expiry": null,
    "notes": ""
  }
},
{
  "model": "assets.asset",
  "pk": 62,
  "fields": {
    "asset_id": "CQ/OTH/012_13",
    "name": "NVIDIA GPU Tesla P40 24GB vRAM",
    "description": "NVIDIA GPU Tesla P40 24GB vRAM",
    "category": 9,
    "serial_number": "TBC",
    "model_number": "TBC",
    "manufacturer": "TBC",
    "purchase_date": "2025-04-11",
    "purchase_value": null,
    "current_value": null,
    "status": "available",
    "condition": "good",
    "current_location": 3,
    "responsible_person": 30,
    "primary_user": null,
    "created_by": 6,
    "created_at": "2025-11-27T03:37:41.237Z",
    "updated_at": "2025-11-27T03:37:41.237Z",
    "barcode": null,
    "qr_code": null,
    "warranty_expiry": null,
    "notes": ""
  }
},
{
  "model": "assets.asset",
  "pk": 63,
  "fields": {
    "asset_id": "CG/OTH/013",
    "name": "Huawei GPU 华为推理卡",
    "description": "Huawei GPU 华为推理卡",
    "category": 9,
    "serial_number": "TBC",
    "model_number": "TBC",
    "manufacturer": "TBC",
    "purchase_date": "2025-04-11",
    "purchase_value": null,
    "current_value": null,
    "status": "available",
    "condition": "good",
    "current_location": 3,
    "responsible_person": 30,
    "primary_user": 27,
    "created_by": 6,
    "created_at": "2025-11-27T03:41:38.392Z",
    "updated_at": "2025-11-27T08:20:30.528Z",
    "barcode": null,
    "qr_code": null,
    "warranty_expiry": null,
    "notes": ""
  }
},
{
  "model": "assets.asset",
  "pk": 64,
  "fields": {
    "asset_id": "CG/OTH/014",
    "name": "SSD 2TB",
    "description": "NVME 2280 M.2 module SSD 2TB",
    "category": 9,
    "serial_number": "2525EAE0FD9A",
    "model_number": "TBC",
    "manufacturer": "TBC",
    "purchase_date": "2025-04-11",
    "purchase_value": null,
    "current_value": null,
    "status": "available",
    "condition": "good",
    "current_location": 3,
    "responsible_person": 30,
    "primary_user": 27,
    "created_by": 6,
    "created_at": "2025-11-27T03:44:32.214Z",
    "updated_at": "2025-11-27T08:20:55.711Z",
    "barcode": null,
    "qr_code": null,
    "warranty_expiry": null,
    "notes": ""
  }
},
{
  "model": "assets.asset",
  "pk": 65,
  "fields": {
    "asset_id": "CG/OTH/015",
    "name": "SSD 2TB",
    "description": "NVME 2280 M.2 module SSD 2TB",
    "category": 9,
    "serial_number": "2525EAE0FCB6",
    "model_number": "TBC",
    "manufacturer": "TBC",
    "purchase_date": "2025-04-11",
    "purchase_value": null,
    "current_value": null,
    "status": "available",
    "condition": "good",
    "current_location": 3,
    "responsible_person": 30,
    "primary_user": 27,
    "created_by": 6,
    "created_at": "2025-11-27T03:45:50.275Z",
    "updated_at": "2025-11-27T08:21:13.812Z",
    "barcode": null,
    "qr_code": null,
    "warranty_expiry": null,
    "notes": ""
  }
},
{
  "model": "assets.asset",
  "pk": 66,
  "fields": {
    "asset_id": "CG/OTH/004_01",
    "name": "Motherboard + 2 CPUs",
    "description": "Motherboard: 華南金牌 X99-F8D Plus x 1 unit\r\nIntel® Xeon® CPU E5-2673 v4 @2.30GHz  x 2 units",
    "category": 9,
    "serial_number": "TBC",
    "model_number": "TBC",
    "manufacturer": "TBC",
    "purchase_date": "2025-07-31",
    "purchase_value": null,
    "current_value": null,
    "status": "available",
    "condition": "good",
    "current_location": 4,
    "responsible_person": 15,
    "primary_user": null,
    "created_by": 6,
    "created_at": "2025-11-27T03:48:25.035Z",
    "updated_at": "2025-11-27T03:50:01.396Z",
    "barcode": null,
    "qr_code": null,
    "warranty_expiry": null,
    "notes": ""
  }
},
{
  "model": "assets.asset",
  "pk": 67,
  "fields": {
    "asset_id": "CG/OTH/004_02",
    "name": "RAM 32GB",
    "description": "RAM 32GB",
    "category": 9,
    "serial_number": "TBC",
    "model_number": "TBC",
    "manufacturer": "TBC",
    "purchase_date": "2025-07-31",
    "purchase_value": null,
    "current_value": null,
    "status": "available",
    "condition": "good",
    "current_location": 4,
    "responsible_person": 15,
    "primary_user": null,
    "created_by": 6,
    "created_at": "2025-11-27T03:50:57.138Z",
    "updated_at": "2025-11-27T03:50:57.138Z",
    "barcode": null,
    "qr_code": null,
    "warranty_expiry": null,
    "notes": ""
  }
},
{
  "model": "assets.asset",
  "pk": 68,
  "fields": {
    "asset_id": "CG/OTH/004_03",
    "name": "RAM 32GB",
    "description": "RAM 32GB",
    "category": 9,
    "serial_number": "TBC",
    "model_number": "TBC",
    "manufacturer": "TBC",
    "purchase_date": "2025-07-31",
    "purchase_value": null,
    "current_value": null,
    "status": "available",
    "condition": "good",
    "current_location": 4,
    "responsible_person": 15,
    "primary_user": null,
    "created_by": 6,
    "created_at": "2025-11-27T03:51:48.287Z",
    "updated_at": "2025-11-27T03:51:48.287Z",
    "barcode": null,
    "qr_code": null,
    "warranty_expiry": null,
    "notes": ""
  }
},
{
  "model": "assets.asset",
  "pk": 69,
  "fields": {
    "asset_id": "CG/OTH/004_04",
    "name": "RAM 32GB",
    "description": "RAM 32GB",
    "category": 9,
    "serial_number": "TBC",
    "model_number": "TBC",
    "manufacturer": "TBC",
    "purchase_date": "2025-07-31",
    "purchase_value": null,
    "current_value": null,
    "status": "available",
    "condition": "good",
    "current_location": 4,
    "responsible_person": 15,
    "primary_user": null,
    "created_by": 6,
    "created_at": "2025-11-27T03:52:37.223Z",
    "updated_at": "2025-11-27T03:52:37.223Z",
    "barcode": null,
    "qr_code": null,
    "warranty_expiry": null,
    "notes": ""
  }
},
{
  "model": "assets.asset",
  "pk": 70,
  "fields": {
    "asset_id": "CG/OTH/004_05",
    "name": "RAM 32GB",
    "description": "RAM 32GB",
    "category": 9,
    "serial_number": "TBC",
    "model_number": "TBC",
    "manufacturer": "TBC",
    "purchase_date": "2025-07-31",
    "purchase_value": null,
    "current_value": null,
    "status": "available",
    "condition": "good",
    "current_location": 4,
    "responsible_person": 15,
    "primary_user": null,
    "created_by": 6,
    "created_at": "2025-11-27T03:54:19.125Z",
    "updated_at": "2025-11-27T03:54:19.125Z",
    "barcode": null,
    "qr_code": null,
    "warranty_expiry": null,
    "notes": ""
  }
},
{
  "model": "assets.asset",
  "pk": 71,
  "fields": {
    "asset_id": "CG/OTH/004_06",
    "name": "SSD 2TB",
    "description": "SSD: 2TB M.2 Module",
    "category": 9,
    "serial_number": "TBC",
    "model_number": "TBC",
    "manufacturer": "TBC",
    "purchase_date": "2025-07-31",
    "purchase_value": null,
    "current_value": null,
    "status": "available",
    "condition": "good",
    "current_location": 4,
    "responsible_person": 15,
    "primary_user": null,
    "created_by": 6,
    "created_at": "2025-11-27T03:56:27.175Z",
    "updated_at": "2025-11-27T03:56:27.175Z",
    "barcode": null,
    "qr_code": null,
    "warranty_expiry": null,
    "notes": ""
  }
},
{
  "model": "assets.asset",
  "pk": 72,
  "fields": {
    "asset_id": "CG/OTH/004_07",
    "name": "SSD 2TB",
    "description": "SSD: 2TB M.2 Module",
    "category": 9,
    "serial_number": "TBC",
    "model_number": "TBC",
    "manufacturer": "TBC",
    "purchase_date": "2025-07-31",
    "purchase_value": null,
    "current_value": null,
    "status": "available",
    "condition": "good",
    "current_location": 4,
    "responsible_person": 15,
    "primary_user": null,
    "created_by": 6,
    "created_at": "2025-11-27T03:57:44.030Z",
    "updated_at": "2025-11-27T03:57:44.030Z",
    "barcode": null,
    "qr_code": null,
    "warranty_expiry": null,
    "notes": ""
  }
},
{
  "model": "assets.asset",
  "pk": 73,
  "fields": {
    "asset_id": "CG/OTH/008",
    "name": "FOMAKO 4K Camera",
    "description": "FOMAKO 4K Camera",
    "category": 8,
    "serial_number": "TBC",
    "model_number": "TBC",
    "manufacturer": "TBC",
    "purchase_date": "2025-07-31",
    "purchase_value": null,
    "current_value": null,
    "status": "available",
    "condition": "good",
    "current_location": 4,
    "responsible_person": 15,
    "primary_user": null,
    "created_by": 6,
    "created_at": "2025-11-27T03:59:17.681Z",
    "updated_at": "2025-11-27T03:59:17.681Z",
    "barcode": null,
    "qr_code": null,
    "warranty_expiry": null,
    "notes": ""
  }
},
{
  "model": "assets.asset",
  "pk": 74,
  "fields": {
    "asset_id": "CG/OTH/001",
    "name": "Linksys FGW5500",
    "description": "Linksys FGW5500 CPE Router",
    "category": 7,
    "serial_number": "TBC",
    "model_number": "TBC",
    "manufacturer": "Linksys",
    "purchase_date": null,
    "purchase_value": null,
    "current_value": null,
    "status": "available",
    "condition": "good",
    "current_location": 4,
    "responsible_person": 15,
    "primary_user": null,
    "created_by": 6,
    "created_at": "2025-11-27T04:00:38.614Z",
    "updated_at": "2025-11-27T04:00:38.614Z",
    "barcode": null,
    "qr_code": null,
    "warranty_expiry": null,
    "notes": ""
  }
},
{
  "model": "assets.asset",
  "pk": 75,
  "fields": {
    "asset_id": "CG/OTH/003_10",
    "name": "Case + Power Supply",
    "description": "Case + Power Supply",
    "category": 9,
    "serial_number": "TBC",
    "model_number": "TBC",
    "manufacturer": "TBC",
    "purchase_date": "2025-06-20",
    "purchase_value": null,
    "current_value": null,
    "status": "available",
    "condition": "good",
    "current_location": 3,
    "responsible_person": 30,
    "primary_user": null,
    "created_by": 6,
    "created_at": "2025-11-27T04:06:53.009Z",
    "updated_at": "2025-11-27T04:06:53.009Z",
    "barcode": null,
    "qr_code": null,
    "warranty_expiry": null,
    "notes": ""
  }
},
{
  "model": "assets.asset",
  "pk": 76,
  "fields": {
    "asset_id": "CG/OTH/005",
    "name": "Case + Power Supply",
    "description": "Case + Power Supply",
    "category": 9,
    "serial_number": "TBC",
    "model_number": "TBC",
    "manufacturer": "TBC",
    "purchase_date": "2025-06-20",
    "purchase_value": null,
    "current_value": null,
    "status": "available",
    "condition": "good",
    "current_location": 3,
    "responsible_person": 30,
    "primary_user": null,
    "created_by": 6,
    "created_at": "2025-11-27T04:08:48.210Z",
    "updated_at": "2025-11-27T04:08:48.211Z",
    "barcode": null,
    "qr_code": null,
    "warranty_expiry": null,
    "notes": ""
  }
},
{
  "model": "assets.asset",
  "pk": 77,
  "fields": {
    "asset_id": "CG/OTH/010_014",
    "name": "Case + Power Supply",
    "description": "Case + Power Supply",
    "category": 9,
    "serial_number": "TBC",
    "model_number": "TBC",
    "manufacturer": "TBC",
    "purchase_date": "2025-06-27",
    "purchase_value": null,
    "current_value": null,
    "status": "available",
    "condition": "good",
    "current_location": 5,
    "responsible_person": 30,
    "primary_user": null,
    "created_by": 6,
    "created_at": "2025-11-27T04:11:15.182Z",
    "updated_at": "2025-11-27T07:02:20.334Z",
    "barcode": null,
    "qr_code": null,
    "warranty_expiry": null,
    "notes": ""
  }
},
{
  "model": "assets.asset",
  "pk": 78,
  "fields": {
    "asset_id": "CG/OTH/012_12",
    "name": "NVIDIA GPU Tesla P40 24GB vRAM",
    "description": "NVIDIA GPU Tesla P40 24GB vRAM",
    "category": 9,
    "serial_number": "TBC",
    "model_number": "TBC",
    "manufacturer": "TBC",
    "purchase_date": "2025-04-11",
    "purchase_value": null,
    "current_value": null,
    "status": "available",
    "condition": "good",
    "current_location": 3,
    "responsible_person": 30,
    "primary_user": 27,
    "created_by": 6,
    "created_at": "2025-11-27T04:14:20.303Z",
    "updated_at": "2025-11-27T08:18:58.327Z",
    "barcode": null,
    "qr_code": null,
    "warranty_expiry": null,
    "notes": ""
  }
},
{
  "model": "assets.asset",
  "pk": 79,
  "fields": {
    "asset_id": "CG/OTH/012_13",
    "name": "NVIDIA GPU Tesla P40 24GB vRAM",
    "description": "NVIDIA GPU Tesla P40 24GB vRAM",
    "category": 9,
    "serial_number": "TBC",
    "model_number": "TBC",
    "manufacturer": "TBC",
    "purchase_date": "2025-04-11",
    "purchase_value": null,
    "current_value": null,
    "status": "available",
    "condition": "good",
    "current_location": 3,
    "responsible_person": 30,
    "primary_user": 27,
    "created_by": 6,
    "created_at": "2025-11-27T04:15:42.634Z",
    "updated_at": "2025-11-27T08:19:15.779Z",
    "barcode": null,
    "qr_code": null,
    "warranty_expiry": null,
    "notes": ""
  }
},
{
  "model": "assets.asset",
  "pk": 80,
  "fields": {
    "asset_id": "CG/OTH/012_14",
    "name": "Case + Power Supply",
    "description": "Case + Power Supply",
    "category": 9,
    "serial_number": "TBC",
    "model_number": "TBC",
    "manufacturer": "TBC",
    "purchase_date": "2025-04-11",
    "purchase_value": null,
    "current_value": null,
    "status": "available",
    "condition": "good",
    "current_location": 3,
    "responsible_person": 30,
    "primary_user": 27,
    "created_by": 6,
    "created_at": "2025-11-27T04:17:35.737Z",
    "updated_at": "2025-11-27T08:15:23.574Z",
    "barcode": null,
    "qr_code": null,
    "warranty_expiry": null,
    "notes": ""
  }
},
{
  "model": "assets.asset",
  "pk": 81,
  "fields": {
    "asset_id": "CG/OTH/004_08",
    "name": "Case + Power Supply",
    "description": "Case + Power Supply",
    "category": 9,
    "serial_number": "TBC",
    "model_number": "TBC",
    "manufacturer": "TBC",
    "purchase_date": "2025-07-31",
    "purchase_value": null,
    "current_value": null,
    "status": "available",
    "condition": "good",
    "current_location": 4,
    "responsible_person": 15,
    "primary_user": null,
    "created_by": 6,
    "created_at": "2025-11-27T04:19:14.771Z",
    "updated_at": "2025-11-27T04:19:14.771Z",
    "barcode": null,
    "qr_code": null,
    "warranty_expiry": null,
    "notes": ""
  }
},
{
  "model": "locations.location",
  "pk": 3,
  "fields": {
    "name": "CGGE (Shenzhen) Technology Limited",
    "code": "CGSZ",
    "address": "3707, HKUST Blue Bay, 37th Floor, Changfu Jinmao Building, Futian District, Shenzhen",
    "city": "Shenzhen",
    "country": "China",
    "contact_email": "sean.xiao@cgge.media",
    "contact_phone": "(86) 181 2622 9726",
    "responsible_person": 4,
    "is_active": true,
    "created_at": "2025-11-25T09:51:25.390Z",
    "updated_at": "2025-11-25T09:51:25.390Z"
  }
},
{
  "model": "locations.location",
  "pk": 4,
  "fields": {
    "name": "CGGE InnoCentre",
    "code": "CGInno",
    "address": "Room 414, InnoCentre 72 Tat Chee Avenue, Kowloon Tong, Hong Kong",
    "city": "Hong Kong",
    "country": "China",
    "contact_email": "magneoh@gmail.com",
    "contact_phone": "2111 1097",
    "responsible_person": 29,
    "is_active": true,
    "created_at": "2025-11-26T07:48:39.871Z",
    "updated_at": "2025-11-26T07:48:39.871Z"
  }
},
{
  "model": "locations.location",
  "pk": 5,
  "fields": {
    "name": "Client - Guangzhou College of Applied Science and Technology",
    "code": "Client_001",
    "address": "Zhaoqing, Guangdong",
    "city": "Zhaoqing",
    "country": "China",
    "contact_email": null,
    "contact_phone": null,
    "responsible_person": 35,
    "is_active": true,
    "created_at": "2025-11-27T04:28:55.816Z",
    "updated_at": "2025-11-27T04:28:55.816Z"
  }
},
{
  "model": "movements.bulkmovement",
  "pk": 1,
  "fields": {
    "tracking_number": "BM2025-8B8FFB38",
    "from_location": 3,
    "to_location": 5,
    "initiated_by": 6,
    "approved_by": null,
    "status": "completed",
    "expected_arrival_date": "2025-11-26T20:48:00Z",
    "actual_departure_date": null,
    "actual_arrival_date": null,
    "reason": "Sales Delivery",
    "notes": "Sales delivery to client",
    "priority": "normal",
    "created_at": "2025-11-27T06:24:22.666Z",
    "updated_at": "2025-11-27T06:55:47.145Z",
    "assets": [
      77,
      27,
      36,
      37,
      38,
      39,
      28,
      29,
      30,
      31,
      32,
      33,
      34,
      35
    ]
  }
}
]
